Наименование,Категория,Единиц в мешке,Вес мешка,Цена за ед.,Цена мешка,Цена за 1 кг
Amazon Микс Спорт сток AMZ2,сток,~64 вещи,14.2 кг,~412₽,26341₽,26.5€
Amazon Микс Спорт сток AMZ2,сток,~68 вещей,14 кг,~382₽,25970₽,26.5€
Amazon Микс Спорт сток AMZ2,сток,~64 вещи,14.1 кг,~409₽,26156₽,26.5€
Bestseller микс осень-зима сток BEST W,сток,~29 вещей,11.8 кг,~626₽,18131₽,21.95€
Bestseller микс осень-зима сток BEST W,сток,~29 вещей,11.4 кг,~604₽,17516₽,21.95€
C&A микс взрослый осень-зима,сток,~77 вещей,32.3 кг,~397₽,30524₽,13.5€
C&A микс взрослый осень-зима сток,сток,~72 вещи,24.4 кг,~321₽,23058₽,13.5€
C&A микс взрослый осень-зима сток,сток,~73 вещи,23.4 кг,~303₽,22113₽,13.5€
CRANE+CRIVIT SPORT Микс,сток,~52 вещи,9.3 кг,~157₽,8138₽,12.5€
CRANE+CRIVIT SPORT Микс,сток,~48 вещей,8.8 кг,~161₽,7700₽,12.5€
CRANE+CRIVIT SPORT Микс,сток,~49 вещей,9.1 кг,~163₽,7963₽,12.5€
CRANE+CRIVIT SPORT Микс,сток,~57 вещей,8.8 кг,~136₽,7700₽,12.5€
CRANE+CRIVIT SPORT Микс,сток,,10 кг,,8750₽,12.5€
CRANE+CRIVIT SPORT Микс,сток,,10 кг,,8750₽,12.5€
CRANE+CRIVIT SPORT Микс,сток,~55 вещей,8.65 кг,~142₽,7785₽,12.5€
CRANE+CRIVIT SPORT Микс,сток,~63 вещи,8.8 кг,~126₽,7920₽,12.5€
CRANE+CRIVIT SPORT Микс,сток,~51 вещь,8.8 кг,~151₽,7700₽,12.5€
MEN MIX мужской сток осень-зима,сток,~40 вещей,12.65 кг,~376₽,15009₽,16.95€
MEN MIX мужской сток осень-зима,сток,~35 вещей,12.5 кг,~424₽,14831₽,16.95€
MEN MIX мужской сток осень-зима,сток,~37 вещей,12.65 кг,~406₽,15009₽,16.95€
MEN MIX мужской сток осень-зима,сток,~37 вещей,12.5 кг,~401₽,14831₽,16.95€
Top Shop микс сток,сток,~35 вещей,15.6 кг,~738₽,25799₽,23.63€
Top Shop микс сток,сток,~35 вещей,15.9 кг,~752₽,26295₽,23.63€
"Офис мен микс (костюмы, рубашки, галстуки)",сток,~24 вещи,6.4 кг,~261₽,6250₽,13.95€
Спорт бренд микс сток BRAND SPORT,сток,~70 вещей,15 кг,~381₽,26607₽,25.34€
Сток микс осень ,сток,~99 вещей,19.55 кг,~166₽,16354₽,11.95€
Сток микс осень ,сток,~93 вещи,18 кг,~162₽,15057₽,11.95€
Сток микс осень ,сток,~86 вещей,18.1 кг,~177₽,15141₽,11.95€
Сток микс осень ,сток,~90 вещей,18.6 кг,~173₽,15559₽,11.95€
Сток микс осень ,сток,~90 вещей,19.25 кг,~179₽,16103₽,11.95€
Флис микс сток SOFTSHELL+FLEECE,сток,~32 вещи,15 кг,~589₽,18848₽,17.95€
Gin Tonic мужские футболки дл.рукава сток GINLS,сток,~10 вещей,,~ 5.9€ (413₽),4130₽,
Harvey&Jones женская куртка зима HEIDI сток HJW HEIDI,сток,~10 вещей,,~ 45€ (3150₽),31500₽,
Harvey&Jones мужские куртки зимние сток HJST,сток,~10 вещей,,~ 32.95€ (2307₽),23065₽,
Harvey&Jones мужские куртки зимние сток HJST,сток,~10 вещей,,~ 32.95€ (2307₽),23065₽,
Harvey&Jones мужские куртки зимние сток HJST,сток,~10 вещей,,~ 32.95€ (2307₽),23065₽,
Harvey&Jones мужские куртки зимние сток HJST,сток,~10 вещей,,~ 32.95€ (2307₽),23065₽,
Harvey&Jones мужские куртки зимние сток HJST,сток,~10 вещей,,~ 32.95€ (2307₽),23065₽,
Harvey&Jones мужские куртки зимние сток HJST,сток,~10 вещей,,~ 32.95€ (2307₽),23065₽,
Harvey&Jones мужские куртки зимние сток HJST,сток,~10 вещей,,~ 32.95€ (2307₽),23065₽,
Jack&Jones спортивные штаны муж сток JJMTP,сток,~10 вещей,,~ 17.25€ (1208₽),12075₽,
Jack&Jones спортивные штаны муж сток JJMTP,сток,~10 вещей,,~ 17.25€ (1208₽),12075₽,
Jack&Jones спортивные штаны муж сток JJMTP,сток,~10 вещей,,~ 17.25€ (1208₽),12075₽,
MARKS & SPENCER бюстгальтера сток M&S BH,сток,~43 вещи,,~ 2.5€ (175₽),7525₽,
MARKS & SPENCER бюстгальтера сток M&S BH,сток,~43 вещи,,~ 2.5€ (175₽),7525₽,
MARKS & SPENCER бюстгальтера сток M&S BH,сток,~43 вещи,,~ 2.5€ (175₽),7525₽,
MARKS & SPENCER бюстгальтера сток M&S BH,сток,~43 вещи,,~ 2.5€ (175₽),7525₽,
MARKS & SPENCER бюстгальтера сток M&S BH,сток,~43 вещи,,~ 2.5€ (175₽),7525₽,
MARKS & SPENCER бюстгальтера сток M&S BH,сток,~43 вещи,,~ 2.5€ (175₽),7525₽,
MARKS & SPENCER бюстгальтера сток M&S BH,сток,~43 вещи,,~ 2.5€ (175₽),7525₽,
MARKS & SPENCER бюстгальтера сток M&S BH,сток,~43 вещи,,~ 2.5€ (175₽),7525₽,
MARKS & SPENCER бюстгальтера сток M&S BH,сток,~43 вещи,,~ 2.5€ (175₽),7525₽,
MARKS & SPENCER бюстгальтера сток M&S BH,сток,~43 вещи,,~ 2.5€ (175₽),7525₽,
MARKS & SPENCER бюстгальтера сток M&S BH,сток,~43 вещи,,~ 2.5€ (175₽),7525₽,
MARKS & SPENCER бюстгальтера сток M&S BH,сток,~43 вещи,,~ 2.5€ (175₽),7525₽,
MARKS & SPENCER бюстгальтера сток M&S BH,сток,~43 вещи,,~ 2.5€ (175₽),7525₽,
MARKS & SPENCER бюстгальтера сток M&S BH,сток,~43 вещи,,~ 2.5€ (175₽),7525₽,
MARKS & SPENCER бюстгальтера сток M&S BH,сток,~43 вещи,,~ 2.5€ (175₽),7525₽,
MARKS & SPENCER бюстгальтера сток M&S BH,сток,~43 вещи,,~ 2.5€ (180₽),7740₽,
MARKS & SPENCER бюстгальтера сток M&S BH,сток,~43 вещи,,~ 2.5€ (175₽),7525₽,
Only женские спортивные штаны сток ONWP,сток,~31 вещь,10.55 кг,~591₽,18315₽,24.8€
Only женские спортивные штаны сток ONWP,сток,~31 вещь,10.5 кг,~588₽,18228₽,24.8€
Only женские спортивные штаны сток ONWP,сток,~31 вещь,10.45 кг,~586₽,18141₽,24.8€
Only женские спортивные штаны сток ONWP,сток,~30 вещей,10.4 кг,~602₽,18054₽,24.8€
Only женские спортивные штаны сток ONWP,сток,~31 вещь,10.45 кг,~586₽,18141₽,24.8€
Orsay пальто ORSAY OVERCOATS,сток,~12 вещей,15 кг,~1571₽,18848₽,17.95€
SOCKS MIX ITA носки микс сток,сток,~110 вещей,5 кг,~39₽,4187₽,11.96€
STREET ONE Лёгкие свитера сток,сток,~10 вещей,2.6 кг,~404₽,4031₽,22.15€
STREET ONE Лёгкие свитера сток,сток,,2.7 кг,,4186₽,22.15€
STREET ONE Лёгкие свитера сток,сток,,2.7 кг,,4186₽,22.15€
STREET ONE Лёгкие свитера сток,сток,,2.7 кг,,4186₽,22.15€
STREET ONE Лёгкие свитера сток,сток,~10 вещей,2.7 кг,~419₽,4186₽,22.15€
TAKKO LONG SLEVE Тонковки такко сток,сток,~33 вещи,5 кг,~133₽,4375₽,12.5€
TAKKO LONG SLEVE Тонковки такко сток,сток,~35 вещей,5 кг,~125₽,4375₽,12.5€
TAKKO LONG SLEVE Тонковки такко сток,сток,~34 вещи,5 кг,~129₽,4375₽,12.5€
TAKKO LONG SLEVE Тонковки такко сток,сток,~33 вещи,5 кг,~133₽,4375₽,12.5€
TAKKO LONG SLEVE Тонковки такко сток,сток,,5 кг,,4375₽,12.5€
TAKKO LONG SLEVE Тонковки такко сток,сток,,5 кг,,4375₽,12.5€
TAKKO LONG SLEVE Тонковки такко сток,сток,~37 вещей,5 кг,~119₽,4375₽,12.5€
"Tom Tailor женские джинсы, штаны сток TWKJ",сток,~10 вещей,,~ 14.95€ (1047₽),10465₽,
"Tom Tailor женские джинсы, штаны сток TWKJ",сток,~10 вещей,,~ 14.95€ (1047₽),10465₽,
"Tom Tailor женские джинсы, штаны сток TWKJ",сток,~10 вещей,,~ 14.95€ (1047₽),10465₽,
Tom Tailor зимние платья сток TWDRESSW,сток,~12 вещей,,~ 12.25€ (858₽),10290₽,
Tom Tailor мужские толстовки сток TMBL,сток,~10 вещей,,~ 14.5€ (1015₽),10150₽,
Tom Tailor мужские толстовки сток TMBL,сток,~10 вещей,,~ 14.5€ (1015₽),10150₽,
Tom Tailor мужские толстовки сток TMBL,сток,~10 вещей,,~ 14.5€ (1015₽),10150₽,
Tom Tailor мужские толстовки сток TMBL,сток,~10 вещей,,~ 14.5€ (1015₽),10150₽,
Tom Tailor мужские толстовки сток TMBL,сток,~10 вещей,,~ 14.5€ (1015₽),10150₽,
Tom Tailor мужские толстовки сток TMBL,сток,~10 вещей,,~ 14.5€ (1015₽),10150₽,
Tom Tailor мужские толстовки сток TMBL,сток,~7 вещей,,~ 14.5€ (1015₽),7105₽,
Tom Tailor мужские толстовки сток TMBL,сток,~10 вещей,,~ 14.5€ (1015₽),10150₽,
Tom Tailor мужские толстовки сток TMBL,сток,~10 вещей,,~ 14.5€ (1015₽),10150₽,
Tom Tailor мужские толстовки сток TMBL,сток,~10 вещей,,~ 14.5€ (1015₽),10150₽,
Tom Tailor мужские толстовки сток TMBL,сток,~10 вещей,,~ 14.5€ (1015₽),10150₽,
Tom Tailor мужские толстовки сток TMBL,сток,~10 вещей,,~ 14.5€ (1015₽),10150₽,
Tom Tailor мужские толстовки сток TMBL,сток,~10 вещей,,~ 14.5€ (1015₽),10150₽,
Tom Tailor мужские толстовки сток TMBL,сток,~10 вещей,,~ 14.5€ (1015₽),10150₽,
Tom Tailor мужские толстовки сток TMBL,сток,~10 вещей,,~ 14.5€ (1015₽),10150₽,
Tom Tailor мужские толстовки сток TMBL,сток,~10 вещей,,~ 14.5€ (1015₽),10150₽,
Tom Tailor мужские толстовки сток TMBL,сток,~10 вещей,,~ 14.5€ (1015₽),10150₽,
Tom Tailor мужские толстовки сток TMBL,сток,~10 вещей,,~ 14.5€ (1015₽),10150₽,
Tom Tailor мужские толстовки сток TMBL,сток,~10 вещей,,~ 14.5€ (1015₽),10150₽,
Tom Tailor мужские толстовки сток TMBL,сток,~7 вещей,,~ 14.5€ (1015₽),7105₽,
Tom Tailor мужские толстовки сток TMBL,сток,~10 вещей,,~ 14.5€ (1066₽),10658₽,
Tom Tailor мужские толстовки сток TMBL,сток,~10 вещей,,~ 14.5€ (1015₽),10150₽,
Tom Tailor мужские толстовки сток TMBL,сток,~10 вещей,,~ 14.5€ (1044₽),10440₽,
Tom Tailor мужские толстовки сток TMBL,сток,~10 вещей,,~ 14.5€ (1015₽),10150₽,
Tom Tailor мужские толстовки сток TMBL,сток,~10 вещей,,~ 14.5€ (1044₽),10440₽,
Tom Tailor мужские футболки дл. рукав сток TMLS,сток,~10 вещей,,~ 9.5€ (665₽),6650₽,
Tom Tailor мужские футболки дл. рукав сток TMLS,сток,~10 вещей,,~ 9.5€ (665₽),6650₽,
Tom Tailor мужские футболки дл. рукав сток TMLS,сток,~10 вещей,,~ 9.5€ (665₽),6650₽,
Tom Tailor мужские футболки дл. рукав сток TMLS,сток,~10 вещей,,~ 9.5€ (665₽),6650₽,
Tom Tailor мужские футболки дл. рукав сток TMLS,сток,~13 вещей,,~ 9.5€ (665₽),8645₽,
Tom Tailor мужские футболки дл. рукав сток TMLS,сток,~10 вещей,,~ 9.5€ (665₽),6650₽,
Tom Tailor мужские футболки дл. рукав сток TMLS,сток,~10 вещей,,~ 9.5€ (665₽),6650₽,
Tom Tailor мужские футболки дл. рукав сток TMLS,сток,~10 вещей,,~ 9.5€ (665₽),6650₽,
Tom Tailor мужские футболки дл. рукав сток TMLS,сток,~10 вещей,,~ 9.5€ (665₽),6650₽,
Tom Tailor мужские футболки сток TMTS,сток,~10 вещей,,~ 8.1€ (567₽),5670₽,
Tom Tailor мужские футболки сток TMTS,сток,~10 вещей,,~ 8.1€ (567₽),5670₽,
Tom Tailor мужские футболки сток TMTS,сток,~10 вещей,,~ 8.1€ (567₽),5670₽,
Tom Tailor мужские футболки сток TMTS,сток,~10 вещей,,~ 8.1€ (567₽),5670₽,
Tom Tailor мужские футболки сток TMTS,сток,~10 вещей,,~ 8.1€ (567₽),5670₽,
Tom Tailor мужские футболки сток TMTS,сток,~10 вещей,,~ 8.1€ (567₽),5670₽,
Tom Tailor мужские футболки сток TMTS,сток,~10 вещей,,~ 8.1€ (567₽),5670₽,
"Блузки, футболки, платья лето MISSGUIDED сток",сток,~23 вещи,6 кг,~219₽,5019₽,11.95€
"Блузки, футболки, платья лето MISSGUIDED сток",сток,~33 вещи,6 кг,~153₽,5019₽,11.95€
"Блузки, футболки, платья лето MISSGUIDED сток Missg",сток,,3 кг,,2581₽,11.95€
"Джинсы, штаны женские MISSGUIDED сток ",сток,~22 вещи,10 кг,~540₽,11865₽,16.95€
"Джинсы, штаны женские MISSGUIDED сток ",сток,~23 вещи,10 кг,~516₽,11865₽,16.95€
"Джинсы, штаны женские MISSGUIDED сток ",сток,~23 вещи,10 кг,~516₽,11865₽,16.95€
"Джинсы, штаны женские MISSGUIDED сток ",сток,~16 вещей,7.2 кг,~534₽,8543₽,16.95€
"Джинсы, штаны мужские Сток",сток,~15 вещей,8.9 кг,~580₽,8691₽,13.95€
"Джинсы, штаны мужские Сток",сток,~15 вещей,8 кг,~521₽,7812₽,13.95€
Женские джинсы сток WOMAN JEANS,сток,~26 вещей,10 кг,~403₽,10465₽,14.95€
Женские джинсы сток WOMAN JEANS,сток,~23 вещи,10 кг,~455₽,10465₽,14.95€
Женские джинсы сток WOMAN JEANS,сток,~25 вещей,10 кг,~419₽,10465₽,14.95€
Женские джинсы сток WOMAN JEANS,сток,~24 вещи,10 кг,~437₽,10465₽,14.95€
Куртки женские Bestseller сток,сток,~5 вещей,3.55 кг,~1367₽,6834₽,27.5€
Куртки женские большие размеры FREBELL сток TAL,сток,~10 вещей,,~ 26.7€ (1496₽),14952₽,
Куртки женские большие размеры FREBELL сток TAL,сток,~10 вещей,,~ 26.7€ (1496₽),14952₽,
Куртки женские большие размеры FREBELL сток TAL,сток,~10 вещей,,~ 26.7€ (1496₽),14952₽,
Куртки женские большие размеры FREBELL сток TAL,сток,~10 вещей,,~ 26.7€ (1496₽),14952₽,
Куртки женские большие размеры FREBELL сток TAL,сток,~10 вещей,,~ 26.7€ (1496₽),14952₽,
Куртки женские большие размеры FREBELL сток TAL,сток,~10 вещей,,~ 26.7€ (1496₽),14952₽,
Куртки женские большие размеры FREBELL сток TAL,сток,~10 вещей,,~ 26.7€ (1496₽),14952₽,
Куртки женские большие размеры FREBELL сток TAL,сток,~10 вещей,,~ 26.7€ (1496₽),14952₽,
Куртки женские большие размеры FREBELL сток TAL,сток,~10 вещей,,~ 26.7€ (1496₽),14952₽,
"Куртки, жилетки мужские сток ",сток,~12 вещей,10.7 кг,~1430₽,17152₽,22.9€
Мужские носки сток MEN PIERRE CARDIN SOCKS,сток,~144 вещи,5.25 кг,~55₽,7846₽,21.35€
Мужские носки сток MEN PIERRE CARDIN SOCKS,сток,~138 вещей,5 кг,~55₽,7473₽,21.35€
"Нижнее бельё мужское ALDI сток (70% трусы, 30% футболки) ALDI MEN UND",сток,~66 вещей,5.6 кг,~98₽,6429₽,16.40€
"Нижнее бельё мужское ALDI сток (70% трусы, 30% футболки) ALDI MEN UND",сток,~66 вещей,5.7 кг,~100₽,6544₽,16.40€
"Нижнее бельё мужское ALDI сток (70% трусы, 30% футболки) ALDI MEN UND",сток,~66 вещей,5.6 кг,~98₽,6429₽,16.40€
"Нижнее бельё мужское ALDI сток (70% трусы, 30% футболки) ALDI MEN UND",сток,~66 вещей,5.7 кг,~100₽,6544₽,16.40€
"Нижнее бельё мужское ALDI сток (70% трусы, 30% футболки) ALDI MEN UND",сток,~66 вещей,5.6 кг,~98₽,6429₽,16.40€
"Нижнее бельё мужское ALDI сток (70% трусы, 30% футболки) ALDI MEN UND",сток,~66 вещей,5.6 кг,~98₽,6429₽,16.40€
"Нижнее бельё мужское ALDI сток (70% трусы, 30% футболки) ALDI MEN UND",сток,~66 вещей,5.3 кг,~93₽,6084₽,16.40€
"Нижнее бельё мужское ALDI сток (70% трусы, 30% футболки) ALDI MEN UND",сток,~66 вещей,5.5 кг,~96₽,6314₽,16.40€
"Нижнее бельё мужское ALDI сток (70% трусы, 30% футболки) ALDI MEN UND",сток,~66 вещей,5.4 кг,~118₽,7749₽,20.5€
Носки LIDL сток LSOS,сток,~200 вещей,8.84 кг,~47₽,9251₽,14.95€
Носки LIDL сток LSOS,сток,~210 вещей,9 кг,~45₽,9419₽,14.95€
Носки зимние сток WINTER SOCKS,сток,~87 вещей,5 кг,~49₽,4183₽,11.95€
Носки зимние сток WINTER SOCKS,сток,~80 вещей,5 кг,~53₽,4183₽,11.95€
Носки зимние сток WINTER SOCKS,сток,~77 вещей,5 кг,~55₽,4183₽,11.95€
Носки зимние сток WINTER SOCKS,сток,~93 вещи,5 кг,~45₽,4183₽,11.95€
Носки сток,сток,~154 вещи,5 кг,~42₽,6353₽,18.15€
Носки сток,сток,~148 вещей,5.1 кг,~44₽,6480₽,18.15€
"Платья, блузки, юбки осень-зима MISSGUIDED сток",сток,~27 вещей,10.1 кг,~444₽,11984₽,16.95€
Полотенца для ног сток FOOT TOWELS N,сток,~29 вещей,10 кг,~121₽,3504₽,5.01€
Свитера женские MISSGUIDED сток ,сток,~26 вещей,10 кг,~429₽,11130₽,15.9€
Свитера женские MISSGUIDED сток ,сток,~13 вещей,6.5 кг,~557₽,7235₽,15.9€
"Свитера, толстовки мужские сток",сток,~13 вещей,7 кг,~602₽,7816₽,15.95€
Серые легинсы женские одна модель Gymshark сток GYM LEG,сток,~10 вещей,,~ 5.95€ (417₽),4165₽,
Серые легинсы женские одна модель Gymshark сток GYM LEG,сток,~10 вещей,,~ 5.95€ (417₽),4165₽,
Серые легинсы женские одна модель Gymshark сток GYM LEG,сток,~10 вещей,,~ 5.95€ (417₽),4165₽,
Серые легинсы женские одна модель Gymshark сток GYM LEG,сток,~10 вещей,,~ 5.95€ (417₽),4165₽,
Тонковки (70% муж) сток NY,сток,~92 вещи,20 кг,~234₽,21528₽,14.95€
Флис куртки женские весна-осень No name сток PLMST,сток,~20 вещей,,~ 12€ (672₽),13440₽,
Флис куртки женские весна-осень No name сток PLMST,сток,~20 вещей,,~ 12€ (672₽),13440₽,
Флис куртки женские весна-осень No name сток PLMST,сток,~20 вещей,,~ 12€ (672₽),13440₽,
Флис куртки женские весна-осень No name сток PLMST,сток,~20 вещей,,~ 12€ (672₽),13440₽,
Футболки мужские сток,сток,~25 вещей,5.1 кг,~256₽,6390₽,17.9€
Шапки осень-зима сток WINTER CAPS,сток,~32 вещи,5 кг,~93₽,2975₽,8.5€
Шапки осень-зима сток WINTER CAPS,сток,~34 вещи,5 кг,~88₽,2975₽,8.5€
Шапки осень-зима сток WINTER CAPS,сток,~32 вещи,5 кг,~93₽,2975₽,8.5€
Шапки осень-зима сток WINTER CAPS,сток,~32 вещи,5 кг,~93₽,2975₽,8.5€
C&A детский микс осень-зима сток,сток,~111 вещей,10.2 кг,~119₽,13209₽,18.5€
C&A детский микс осень-зима сток,сток,~54 вещи,6.8 кг,~164₽,8806₽,18.5€
C&A детский микс осень-зима сток,сток,~75 вещей,8.9 кг,~159₽,11855₽,18.5€
Kids mix детский сток,сток,~43 вещи,8.2 кг,~200₽,8581₽,14.95€
Kids mix детский сток,сток,~40 вещей,8.15 кг,~214₽,8529₽,14.95€
Kids mix детский сток,сток,~46 вещей,7.6 кг,~173₽,7953₽,14.95€
Kids mix детский сток,сток,~47 вещей,8.7 кг,~194₽,9105₽,14.95€
Kids mix детский сток,сток,~43 вещи,8 кг,~195₽,8372₽,14.95€
OVS детский микс осень-зима сток OVSW,сток,~86 вещей,11.6 кг,~189₽,16199₽,19.95€
OVS детский микс осень-зима сток OVSW,сток,~90 вещей,12.2 кг,~190₽,17037₽,19.95€
OVS детский микс осень-зима сток OVSW,сток,~93 вещи,12 кг,~181₽,16758₽,19.95€
OVS детский микс осень-зима сток OVSW,сток,~90 вещей,12.2 кг,~190₽,17037₽,19.95€
OVS детский микс осень-зима сток OVSW,сток,~93 вещи,13.3 кг,~200₽,18573₽,19.95€
OVS детский микс осень-зима сток OVSW,сток,,10.8 кг,,15082₽,19.95€
Primark детский микс зима сток,сток,~55 вещей,7.15 кг,~173₽,9484₽,18.95€
Primark детский микс зима сток,сток,~59 вещей,7.3 кг,~165₽,9683₽,18.95€
Vingino детский микс сток,сток,~63 вещи,12.75 кг,~263₽,16556₽,18.55€
CREMEKS A/W Микс осень-зима,секонд (cream/extra),~95 вещей,29.5 кг,~207₽,19618₽,9.5€
CREMEKS A/W Микс осень-зима,секонд (cream/extra),~95 вещей,30 кг,~210₽,19950₽,9.5€
Большие размеры микс женский 92102,секонд (cream/extra),~94 вещи,25 кг,~159₽,14875₽,8.5€
Большие размеры микс женский 92102,секонд (cream/extra),,25 кг,,14875₽,8.5€
Большие размеры микс женский 92102,секонд (cream/extra),,25 кг,,14875₽,8.5€
Большие размеры микс женский 92102,секонд (cream/extra),,25 кг,,14875₽,8.5€
Большие размеры микс женский 92102,секонд (cream/extra),,25 кг,,14875₽,8.5€
Большие размеры микс женский 92102,секонд (cream/extra),,25 кг,,14875₽,8.5€
Большие размеры микс женский 92102,секонд (cream/extra),,25 кг,,14875₽,8.5€
Большие размеры микс женский 92102,секонд (cream/extra),,25 кг,,14875₽,8.5€
Большие размеры микс женский 92102,секонд (cream/extra),,25 кг,,14875₽,8.5€
Большие размеры микс женский 92102,секонд (cream/extra),,25 кг,,14875₽,8.5€
Большие размеры микс женский 92102,секонд (cream/extra),,25 кг,,14875₽,8.5€
Большие размеры микс женский 92102,секонд (cream/extra),,25 кг,,14875₽,8.5€
Большие размеры микс женский 92102,секонд (cream/extra),,25 кг,,14875₽,8.5€
Большие размеры микс женский 92102,секонд (cream/extra),,25 кг,,14875₽,8.5€
Большие размеры микс женский 92102,секонд (cream/extra),~99 вещей,24.5 кг,~148₽,14578₽,8.5€
"Военная одежда, камуфляж микс 91152",секонд (cream/extra),~48 вещей,23.9 кг,~332₽,15894₽,9.5€
"Военная одежда, камуфляж микс 91152",секонд (cream/extra),,25 кг,,16625₽,9.5€
"Военная одежда, камуфляж микс 91152",секонд (cream/extra),~54 вещи,25 кг,~308₽,16625₽,9.5€
Зимний микс  WINTER CREAM ITA,секонд (cream),~99 вещей,49.5 кг,~378₽,37422₽,10.8€
Микс зима Англия MIX A / W,секонд (extra/1 кат),~44 вещи,15 кг,~86₽,3780₽,3.6€
Микс зима Англия MIX A / W,секонд (extra/1 кат),~40 вещей,15 кг,~95₽,3780₽,3.6€
Микс зима Англия MIX A / W,секонд (extra/1 кат),~33 вещи,15 кг,~115₽,3780₽,3.6€
Микс зима Англия MIX A / W,секонд (extra/1 кат),~38 вещей,14.85 кг,~99₽,3742₽,3.6€
Микс зима Англия MIX A / W,секонд (extra/1 кат),~35 вещей,14.9 кг,~108₽,3755₽,3.6€
Микс зима Англия MIX A / W,секонд (extra/1 кат),~35 вещей,15.2 кг,~110₽,3830₽,3.6€
Микс зима Англия MIX A / W,секонд (extra/1 кат),~39 вещей,15.1 кг,~98₽,3805₽,3.6€
Микс зима Англия MIX A / W,секонд (extra/1 кат),~42 вещи,15 кг,~90₽,3780₽,3.6€
Микс зима Англия MIX A / W,секонд (extra/1 кат),~39 вещей,14.7 кг,~95₽,3704₽,3.6€
Микс зима Англия MIX A / W,секонд (extra/1 кат),~37 вещей,15 кг,~103₽,3780₽,3.6€
Микс зима Англия MIX A / W,секонд (extra/1 кат),~39 вещей,15 кг,~97₽,3780₽,3.6€
Микс зима Англия MIX A / W,секонд (extra/1 кат),~36 вещей,15 кг,~105₽,3780₽,3.6€
Микс зима Англия MIX A / W,секонд (extra/1 кат),~40 вещей,15 кг,~95₽,3780₽,3.6€
Микс зима Англия MIX A / W,секонд (extra/1 кат),~36 вещей,14.5 кг,~102₽,3654₽,3.6€
Микс зима Англия MIX A / W,секонд (extra/1 кат),~35 вещей,14.5 кг,~105₽,3654₽,3.6€
Микс зима Англия MIX A / W,секонд (extra/1 кат),~42 вещи,14.9 кг,~90₽,3755₽,3.6€
Микс зима Англия MIX A / W,секонд (extra/1 кат),~37 вещей,15 кг,~103₽,3780₽,3.6€
Микс зима Англия MIX A / W,секонд (extra/1 кат),~30 вещей,15 кг,~126₽,3780₽,3.6€
Микс зима Англия MIX A / W,секонд (extra/1 кат),~40 вещей,15 кг,~98₽,3888₽,3.6€
Микс зима Англия MIX A / W,секонд (extra/1 кат),~38 вещей,15 кг,~103₽,3888₽,3.6€
Микс зима Англия MIX A / W,секонд (extra/1 кат),~38 вещей,14.55 кг,~97₽,3667₽,3.6€
Микс зима Европа CREAM MIX W,секонд (cream),~96 вещей,40 кг,~313₽,29960₽,10.7€
Микс зима Европа CREAM MIX W,секонд (cream),~97 вещей,39 кг,~302₽,29211₽,10.7€
Микс зима Европа CREAM MIX W,секонд (cream),~96 вещей,40.2 кг,~314₽,30110₽,10.7€
Микс мужской лето большие размеры 82291,секонд (cream),~66 вещей,20 кг,~207₽,13650₽,9.75€
Микс мужской лето большие размеры 82291,секонд (cream),~65 вещей,20 кг,~210₽,13650₽,9.75€
Микс мужской лето большие размеры 82291,секонд (cream),~65 вещей,20 кг,~210₽,13650₽,9.75€
Микс мужской лето большие размеры 82291,секонд (cream),~60 вещей,20 кг,~228₽,13650₽,9.75€
Микс мужской осень-зима MEN / W,секонд (extra/1 кат),~19 вещей,10 кг,~203₽,3850₽,5.5€
Микс мужской осень-зима MEN / W,секонд (extra/1 кат),~23 вещи,10 кг,~168₽,3850₽,5.5€
Микс мужской осень-зима MEN / W,секонд (extra/1 кат),~19 вещей,10 кг,~203₽,3850₽,5.5€
Микс мужской осень-зима MEN / W,секонд (extra/1 кат),~18 вещей,9.4 кг,~202₽,3619₽,5.5€
Микс мужской осень-зима MEN / W,секонд (extra/1 кат),~20 вещей,10 кг,~193₽,3850₽,5.5€
Микс мужской осень-зима MEN / W,секонд (extra/1 кат),~19 вещей,10 кг,~203₽,3850₽,5.5€
Микс мужской осень-зима MEN / W,секонд (extra/1 кат),~19 вещей,10 кг,~203₽,3850₽,5.5€
Микс мужской осень-зима MEN / W,секонд (extra/1 кат),~18 вещей,9.4 кг,~202₽,3619₽,5.5€
Микс мужской осень-зима MEN / W,секонд (extra/1 кат),~20 вещей,10 кг,~193₽,3850₽,5.5€
Мужской  микс больших размеров MEN CASUAL XL,секонд (cream),~53 вещи,24 кг,~356₽,18816₽,11.2€
Мужской  микс больших размеров MEN CASUAL XL,секонд (cream),~58 вещей,23.6 кг,~319₽,18502₽,11.2€
Мужской  микс больших размеров MEN CASUAL XL,секонд (cream),~55 вещей,24.1 кг,~344₽,18894₽,11.2€
Мужской микс весна-лето  MEN / S,секонд (extra/1 кат),~35 вещей,9.6 кг,~125₽,4368₽,6.5€
Мужской микс весна-лето  MEN / S,секонд (extra/1 кат),~34 вещи,10 кг,~134₽,4550₽,6.5€
Мужской микс весна-лето  MEN / S,секонд (extra/1 кат),~35 вещей,9.8 кг,~128₽,4459₽,6.5€
Мужской микс весна-лето  MEN / S,секонд (extra/1 кат),~31 вещь,10 кг,~147₽,4550₽,6.5€
Мужской микс весна-лето  MEN / S,секонд (extra/1 кат),~33 вещи,10 кг,~138₽,4550₽,6.5€
Мужской микс весна-лето  MEN / S,секонд (extra/1 кат),~30 вещей,10 кг,~152₽,4550₽,6.5€
Мужской микс весна-лето  MEN / S,секонд (extra/1 кат),~34 вещи,10 кг,~134₽,4550₽,6.5€
Рабочая одежда  82252,секонд (cream),~47 вещей,25 кг,~343₽,16100₽,9.2€
Рабочая одежда  82252,секонд (cream),~38 вещей,25 кг,~424₽,16100₽,9.2€
Рабочая одежда  82252,секонд (cream),~46 вещей,25 кг,~350₽,16100₽,9.2€
Рабочая одежда  82252,секонд (cream),,25 кг,,16100₽,9.2€
Рабочая одежда  82252,секонд (cream),,25 кг,,16100₽,9.2€
Рабочая одежда  82252,секонд (cream),,25 кг,,16100₽,9.2€
Рабочая одежда  82252,секонд (cream),,25 кг,,16100₽,9.2€
Рабочая одежда  82252,секонд (cream),,25 кг,,16100₽,9.2€
Рабочая одежда  82252,секонд (cream),,25 кг,,16100₽,9.2€
Рабочая одежда  82252,секонд (cream),,25 кг,,16100₽,9.2€
Рабочая одежда  82252,секонд (cream),~39 вещей,25 кг,~414₽,16110₽,8.95€
Спорт экстра SPORT EXTRA,секонд (extra),~156 вещей,24.8 кг,~98₽,15277₽,8.8€
Спорт экстра SPORT EXTRA,секонд (extra),~141 вещь,24.3 кг,~107₽,14969₽,8.8€
Спорт экстра SPORT EXTRA,секонд (extra),~163 вещи,25 кг,~95₽,15400₽,8.8€
Спорт экстра SPORT EXTRA,секонд (extra),~147 вещей,25 кг,~105₽,15400₽,8.8€
Спорт экстра SPORT EXTRA,секонд (extra),~160 вещей,25 кг,~97₽,15400₽,8.8€
Спорт экстра SPORT EXTRA,секонд (extra),~140 вещей,25 кг,~110₽,15400₽,8.8€
Спорт экстра SPORT EXTRA,секонд (extra),~146 вещей,24.2 кг,~103₽,14907₽,8.8€
Спортивный микс SPORT ENGLAND,секонд (extra),~83 вещи,22.5 кг,~200₽,16538₽,10.5€
Спортивный микс SPORT ENGLAND,секонд (extra),~90 вещей,24.5 кг,~201₽,18008₽,10.5€
Спортивный микс SPORT ENGLAND,секонд (extra),~105 вещей,25 кг,~175₽,18375₽,10.5€
Спортивный микс SPORT ENGLAND,секонд (extra),~91 вещь,24.5 кг,~198₽,18008₽,10.5€
Спортивный микс SPORT ENGLAND,секонд (extra),~113 вещей,25 кг,~163₽,18375₽,10.5€
Спортивный микс SPORT ENGLAND,секонд (extra),~91 вещь,25 кг,~202₽,18375₽,10.5€
Спортивный микс SPORT ENGLAND,секонд (extra),~77 вещей,25 кг,~239₽,18375₽,10.5€
Спортивный микс SPORT ENGLAND,секонд (extra),~85 вещей,24.8 кг,~215₽,18228₽,10.5€
Флис микс 25302,секонд (extra/1 кат),~60 вещей,24.3 кг,~112₽,6719₽,3.95€
Флис микс 25302,секонд (extra/1 кат),~56 вещей,24.9 кг,~123₽,6885₽,3.95€
Флис микс 25302,секонд (extra/1 кат),~65 вещей,25.3 кг,~108₽,6995₽,3.95€
Флис микс 95882,секонд (cream/extra),~58 вещей,23.8 кг,~322₽,18659₽,11.2€
Флис микс 95882,секонд (cream/extra),~57 вещей,25 кг,~344₽,19600₽,11.2€
Флис микс 95882,секонд (cream/extra),~60 вещей,25 кг,~327₽,19600₽,11.2€
Флис микс 95882,секонд (cream/extra),~55 вещей,24.2 кг,~345₽,18973₽,11.2€
Флис микс 95882,секонд (cream/extra),~70 вещей,25 кг,~280₽,19600₽,11.2€
"Брюки хлопок, джинсы мужские  95922",секонд (cream/extra),~44 вещи,25 кг,~329₽,14438₽,8.25€
Гавайки 55020,секонд (extra),~151 вещь,30.7 кг,~85₽,12787₽,5.95€
Гавайки 55020,секонд (extra),~117 вещей,26.2 кг,~94₽,10912₽,5.95€
Гавайки 55020,секонд (extra),~147 вещей,29.2 кг,~83₽,12162₽,5.95€
Гавайки 55020,секонд (extra),~139 вещей,27.7 кг,~83₽,11537₽,5.95€
Гавайки 55020,секонд (extra),~137 вещей,26.8 кг,~82₽,11162₽,5.95€
Гавайки 55020,секонд (extra),~165 вещей,32.6 кг,~83₽,13578₽,5.95€
Гавайки 55020,секонд (extra),~135 вещей,28.15 кг,~87₽,11724₽,5.95€
Гавайки 55020,секонд (extra),~145 вещей,30.3 кг,~88₽,12620₽,5.95€
Декоративные подушки PAGALVĖLĖS,секонд (extra),~26 вещей,9.6 кг,~123₽,3192₽,4.75€
Декоративные подушки PAGALVĖLĖS,секонд (extra),~33 вещи,9.5 кг,~96₽,3159₽,4.75€
Декоративные подушки PAGALVĖLĖS,секонд (extra),~29 вещей,9.9 кг,~114₽,3292₽,4.75€
Декоративные подушки PAGALVĖLĖS,секонд (extra),~25 вещей,11.5 кг,~153₽,3824₽,4.75€
Декоративные подушки PAGALVĖLĖS,секонд (extra),~25 вещей,9.3 кг,~124₽,3092₽,4.75€
Джинсы мужские классические  21662,секонд (extra/1 кат),~40 вещей,24.3 кг,~261₽,10410₽,5.95€
Домашний обиход  80672,секонд (cream),~50 вещей,25 кг,~263₽,13125₽,7.5€
Домашний обиход  80672,секонд (cream),,25 кг,,13125₽,7.5€
Домашний обиход  80672,секонд (cream),,25 кг,,13125₽,7.5€
Домашний обиход (ПДО) микс HM-MIX,секонд (cream),~58 вещей,22.2 кг,~213₽,12354₽,7.95€
Домашний обиход (ПДО) микс HM-MIX,секонд (cream),~48 вещей,17 кг,~198₽,9461₽,7.95€
Домашний обиход (ПДО) микс HM-MIX,секонд (cream),,22 кг,,12243₽,7.95€
Домашний обиход (ПДО) микс HM-MIX,секонд (cream),,23.7 кг,,13189₽,7.95€
Куртки  94742,секонд (cream/extra),~26 вещей,25 кг,~616₽,16013₽,9.15€
Куртки  94742,секонд (cream/extra),~34 вещи,25 кг,~471₽,16013₽,9.15€
Куртки  94742,секонд (cream/extra),~27 вещей,25 кг,~610₽,16470₽,9.15€
Куртки зима  WINTER JACKETS PREMIUM,секонд (extra),~20 вещей,20 кг,~525₽,10500₽,7.5€
Куртки зима взрослые 85341,секонд (cream/extra),~18 вещей,15.8 кг,~673₽,12111₽,10.95€
Куртки зима взрослые 94741,секонд (extra),~26 вещей,17.6 кг,~368₽,9548₽,7.75€
Куртки зима взрослые 94741,секонд (extra),~17 вещей,17.5 кг,~559₽,9494₽,7.75€
Куртки зима взрослые 94741,секонд (extra),~24 вещи,15.65 кг,~354₽,8490₽,7.75€
Куртки зима взрослые 94741,секонд (extra),~22 вещи,20 кг,~494₽,10850₽,7.75€
Куртки зима взрослые 94741,секонд (extra),~18 вещей,15.2 кг,~459₽,8246₽,7.75€
Куртки зима взрослые 94741,секонд (extra),~21 вещь,17.2 кг,~445₽,9331₽,7.75€
Куртки зима взрослые 94741,секонд (extra),~23 вещи,17.5 кг,~413₽,9494₽,7.75€
Куртки зима взрослые 94741,секонд (extra),~21 вещь,15.8 кг,~420₽,8816₽,7.75€
Куртки зима взрослые 94741,секонд (extra),~21 вещь,14.1 кг,~375₽,7868₽,7.75€
Куртки зима взрослые 94741,секонд (extra),,14 кг,,7812₽,7.75€
Куртки зима взрослые 94741,секонд (extra),,15.4 кг,,8593₽,7.75€
Леггинсы 92081,секонд (extra),~123 вещи,22 кг,~94₽,11550₽,7.5€
Мужские рубашки SHIRTS-M,секонд (extra),~48 вещей,9.95 кг,~109₽,5224₽,7.5€
Мужские рубашки SHIRTS-M,секонд (extra),~46 вещей,10 кг,~115₽,5250₽,7.5€
Нижнее белье UNDERW,секонд (cream),~127 вещей,10.15 кг,~87₽,10925₽,14.95€
Нижнее белье UNDERW,секонд (cream),,10 кг,,10764₽,14.95€
Обувь зима демисезон  SH-WNT,секонд (cream/extra),,15 кг,,8586₽,7.95€
"Одеяло, подушки PŪKAI",секонд (extra),~28 вещей,31 кг,~295₽,8258₽,3.7€
"Пижамы, ночные рубашки, халаты",секонд (cream),~55 вещей,25 кг,~214₽,11747₽,6.71€
Платья лето 91341,секонд (extra),~80 вещей,19.6 кг,~124₽,9878₽,7.2€
Платья лето 91341,секонд (extra),~87 вещей,21.8 кг,~127₽,10987₽,7.2€
Платья лето 91341,секонд (extra),~79 вещей,20 кг,~128₽,10080₽,7.2€
Рубашки джинсовые муж/жен 28027,секонд (extra/1 кат),~115 вещей,40.1 кг,~84₽,9579₽,3.41€
Рубашки джинсовые муж/жен 28027,секонд (extra/1 кат),~105 вещей,40.3 кг,~92₽,9627₽,3.41€
Рубашки мужские тёплые  83242,секонд (cream),,25 кг,,17910₽,9.95€
Свитера женские 93811,секонд (extra),~46 вещей,17.6 кг,~111₽,5082₽,4.13€
Свитера женские 93811,секонд (extra),~43 вещи,17.6 кг,~119₽,5082₽,4.13€
Свитера женские 93811,секонд (extra),~46 вещей,16.9 кг,~107₽,4880₽,4.13€
Свитера женские 93811,секонд (extra),~40 вещей,17.9 кг,~130₽,5169₽,4.13€
Толстовки 84782,секонд (cream),~56 вещей,24.35 кг,~425₽,23778₽,13.95€
Толстовки 84782,секонд (cream),,25 кг,,24413₽,13.95€
Толстовки 84782,секонд (cream),,25 кг,,24413₽,13.95€
Толстовки 94552,секонд (cream/extra),~63 вещи,25.1 кг,~222₽,13968₽,7.95€
Толстовки 94552,секонд (cream/extra),~60 вещей,25 кг,~232₽,13913₽,7.95€
Толстовки 94552,секонд (cream/extra),~62 вещи,25 кг,~225₽,13913₽,7.95€
Толстовки 94552,секонд (cream/extra),~60 вещей,25 кг,~232₽,13913₽,7.95€
Толстовки 94552,секонд (cream/extra),~59 вещей,25 кг,~243₽,14310₽,7.95€
Толстовки SWEATSHIRTS,секонд (extra),~74 вещи,25 кг,~131₽,9673₽,5.3€
Флис микс жен/муж 95881,секонд (extra),~36 вещей,13.7 кг,~246₽,8828₽,8.95€
Футболки белые  64035,секонд (extra),~127 вещей,23.9 кг,~72₽,9034₽,5.4€
Футболки дл. рук. большие размеры жен. 93161,секонд (extra),~105 вещей,22.2 кг,~103₽,10800₽,6.95€
Футболки дл. рук. большие размеры жен. 93161,секонд (extra),,24.3 кг,,11822₽,6.95€
Футболки женские кр рук 90251,секонд (extra),~142 вещи,21.8 кг,~51₽,7210₽,4.73€
Футболки женские кр рук 90251,секонд (extra),~151 вещь,20.75 кг,~46₽,6863₽,4.73€
Футболки женские кр рук 90251,секонд (extra),~146 вещей,20.1 кг,~46₽,6648₽,4.73€
Футболки женские кр рук 90251,секонд (extra),~170 вещей,23.9 кг,~47₽,7905₽,4.73€
Футболки женские кр рук 90251,секонд (extra),~174 вещи,25 кг,~48₽,8269₽,4.73€
Футболки женские кр рук 90251,секонд (extra),~131 вещь,21.1 кг,~54₽,6979₽,4.73€
Футболки м/ж,секонд (cream/extra),~99 вещей,14.5 кг,~76₽,7498₽,7.39€
Футболки м/ж,секонд (cream/extra),~93 вещи,14.9 кг,~83₽,7705₽,7.39€
Футболки муж с дл рукав 81132,секонд (cream),,25 кг,,24300₽,13.5€
Футболки мужские 64049,секонд (extra/1 кат),~151 вещь,30.3 кг,~89₽,13362₽,6.3€
Футболки мужские 64049,секонд (extra/1 кат),~147 вещей,30.4 кг,~92₽,13406₽,6.3€
Футболки мужские 64049,секонд (extra/1 кат),~145 вещей,30.3 кг,~93₽,13362₽,6.3€
Футболки мужские 64049,секонд (extra/1 кат),~142 вещи,29.3 кг,~91₽,12921₽,6.3€
Футболки мужские T/SH-M,секонд (extra),,10 кг,,7665₽,10.95€
Футболки мужские T/SH-M,секонд (extra),,10 кг,,7665₽,10.95€
Футболки мужские T/SH-M,секонд (extra),,10 кг,,7665₽,10.95€
Футболки мужские T/SH-M,секонд (extra),,10 кг,,7884₽,10.95€
"Халаты, пижамы  CL-BTH EX",секонд (extra),~85 вещей,14.75 кг,~79₽,6711₽,6.5€
"Шарфы, шапки, перчатки зима HGS",секонд (extra),~67 вещей,10 кг,~75₽,5005₽,7.15€
Шорты 90961,секонд (extra),~110 вещей,22.4 кг,~93₽,10192₽,6.5€
Шорты 90961,секонд (extra),~110 вещей,24.5 кг,~102₽,11148₽,6.5€
Шорты мужские 58030,секонд (extra/1 кат),~107 вещей,28.4 кг,~147₽,15705₽,7.9€
Шорты мужские 58030,секонд (extra/1 кат),~100 вещей,28.8 кг,~160₽,15926₽,7.9€
Шорты мужские 58030,секонд (extra/1 кат),~92 вещи,28.5 кг,~172₽,15761₽,7.9€
Штаны брюки женские  PN-W/EXTRA,секонд (extra),~65 вещей,20 кг,~129₽,8379₽,5.7€
Штаны Гавайки 92801,секонд (extra),~95 вещей,23.5 кг,~130₽,12338₽,7.5€
Штаны Гавайки 92801,секонд (extra),~96 вещей,21.3 кг,~117₽,11183₽,7.5€
Штаны спортивные хб 91002,секонд (extra),~69 вещей,24.8 кг,~231₽,15884₽,9.15€
Штаны спортивные хб 91002,секонд (extra),~67 вещей,24.8 кг,~238₽,15884₽,9.15€
Штаны спортивные хб 91002,секонд (extra),,25 кг,,16013₽,9.15€
Штаны спортивные хб 91002,секонд (extra),,25 кг,,16013₽,9.15€
Штаны спортивные хб 91002,секонд (extra),,25 кг,,16013₽,9.15€
Штаны хб 21002,секонд (extra/1 кат),~77 вещей,25 кг,~130₽,9975₽,5.7€
Штаны хб 21002,секонд (extra/1 кат),~74 вещи,25 кг,~135₽,9975₽,5.7€
Штаны хб 21002,секонд (extra/1 кат),~75 вещей,25.2 кг,~135₽,10055₽,5.7€
Штаны хб 21002,секонд (extra/1 кат),~71 вещь,25 кг,~141₽,9975₽,5.7€
Штаны хб 21002,секонд (extra/1 кат),~75 вещей,25 кг,~133₽,9975₽,5.7€
"ШТАНЫ, ДЖИНСЫ",секонд (cream/extra),~49 вещей,26 кг,~221₽,10824₽,5.95€
Юбки,секонд (cream/extra),~57 вещей,14.2 кг,~63₽,3554₽,3.58€
Детский флис CHILD FLEECE,секонд (extra),~55 вещей,15 кг,~107₽,5880₽,5.6€
Детский флис CHILD FLEECE,секонд (extra),~53 вещи,15 кг,~111₽,5880₽,5.6€
Жилетки детские CHILD JILET,секонд (extra),~40 вещей,10 кг,~118₽,4690₽,6.7€
Микс детский зима 82441,секонд (cream),~164 вещи,23.5 кг,~68₽,11042₽,6.71€
Микс детский зима 82441,секонд (cream),~166 вещей,21.7 кг,~62₽,10196₽,6.71€
Микс детский зима 82441,секонд (cream),~137 вещей,19.6 кг,~68₽,9210₽,6.71€
Микс детский зима 82441,секонд (cream),~150 вещей,19.9 кг,~63₽,9351₽,6.71€
Микс детский зима 82441,секонд (cream),~126 вещей,18.7 кг,~72₽,9038₽,6.71€
Микс детский зима 82441,секонд (cream),~148 вещей,20.8 кг,~67₽,9773₽,6.71€
Микс детский зима 82441,секонд (cream),~138 вещей,19.1 кг,~67₽,9231₽,6.71€
Микс детский зима 86442,секонд (cream),,24.5 кг,,17579₽,10.25€
